{
  "version": "2023.1",
  "applications": [],
  "platforms": [
    {
      "name": "SPI_Bootloader_wrapper"
    }
  ],
  "systems": [
    {
      "name": "GPIO_Toggle_system",
      "platform": "E:/Git_repo/MELZG628T_2022HT80170/Senthil_Dissertation/Main_AP_GPIO_Toggle/SPI_Bootloader_wrapper/export/SPI_Bootloader_wrapper/SPI_Bootloader_wrapper.xpfm",
      "sysConfig": "SPI_Bootloader_wrapper",
      "buildConfig": "Debug",
      "applications": [
        {
          "name": "GPIO_Toggle",
          "platform": "E:/Git_repo/MELZG628T_2022HT80170/Senthil_Dissertation/Main_AP_GPIO_Toggle/SPI_Bootloader_wrapper/export/SPI_Bootloader_wrapper/SPI_Bootloader_wrapper.xpfm",
          "platformPath": "E:\\Git_repo\\MELZG628T_2022HT80170\\Senthil_Dissertation\\Main_AP_GPIO_Toggle\\SPI_Bootloader_wrapper\\export\\SPI_Bootloader_wrapper",
          "sysConfig": "SPI_Bootloader_wrapper",
          "domain": "standalone_Main_AP",
          "system": "GPIO_Toggle_system"
        }
      ],
      "platformPath": "E:\\Git_repo\\MELZG628T_2022HT80170\\Senthil_Dissertation\\Main_AP_GPIO_Toggle\\SPI_Bootloader_wrapper\\export\\SPI_Bootloader_wrapper"
    }
  ],
  "others": []
}