{
  "version": "2023.1",
  "applications": [],
  "platforms": [
    {
      "name": "SPI_Bootloader_wrapper"
    }
  ],
  "systems": [
    {
      "name": "SPI_Bootloader_system",
      "platform": "E:/Senthil_Dissertation/Senthil_Project/Senthil_Project.sw/SPI_Bootloader_wrapper/export/SPI_Bootloader_wrapper/SPI_Bootloader_wrapper.xpfm",
      "sysConfig": "SPI_Bootloader_wrapper",
      "buildConfig": "Debug",
      "applications": [
        {
          "name": "SPI_Bootloader",
          "platform": "E:/Senthil_Dissertation/Senthil_Project/Senthil_Project.sw/SPI_Bootloader_wrapper/export/SPI_Bootloader_wrapper/SPI_Bootloader_wrapper.xpfm",
          "platformPath": "E:\\Git_repo\\MELZG628T_2022HT80170\\Senthil_Dissertation\\SPI_Bootloader_UART\\SPI_Bootloader_wrapper\\export\\SPI_Bootloader_wrapper",
          "sysConfig": "SPI_Bootloader_wrapper",
          "domain": "standalone_Boot_MC",
          "system": "SPI_Bootloader_system"
        }
      ],
      "platformPath": "E:\\Git_repo\\MELZG628T_2022HT80170\\Senthil_Dissertation\\SPI_Bootloader_UART\\SPI_Bootloader_wrapper\\export\\SPI_Bootloader_wrapper"
    }
  ],
  "others": []
}