{
  "version": "2023.1",
  "applications": [],
  "platforms": [
    {
      "name": "SPI_Bootloader_wrapper"
    }
  ],
  "systems": [
    {
      "name": "SPI_Bootloader_Artix_system",
      "platform": "E:/Vivado/Artix7/Senthil_Project/Senthil_Project.sw/SPI_Bootloader_wrapper/export/SPI_Bootloader_wrapper/SPI_Bootloader_wrapper.xpfm",
      "sysConfig": "SPI_Bootloader_wrapper",
      "buildConfig": "Debug",
      "applications": [
        {
          "name": "SPI_Bootloader_Artix",
          "platform": "E:/Vivado/Artix7/Senthil_Project/Senthil_Project.sw/SPI_Bootloader_wrapper/export/SPI_Bootloader_wrapper/SPI_Bootloader_wrapper.xpfm",
          "platformPath": "E:\\Vivado\\Artix7\\Senthil_Project\\Senthil_Project.sw\\SPI_Bootloader_wrapper\\export\\SPI_Bootloader_wrapper",
          "sysConfig": "SPI_Bootloader_wrapper",
          "domain": "standalone_Boot_MC",
          "system": "SPI_Bootloader_Artix_system"
        }
      ],
      "platformPath": "E:\\Vivado\\Artix7\\Senthil_Project\\Senthil_Project.sw\\SPI_Bootloader_wrapper\\export\\SPI_Bootloader_wrapper"
    },
    {
      "name": "xspi_winbond_flash_quad_example_1_system",
      "platform": "E:/Vivado/Artix7/Senthil_Project/Senthil_Project.sw/SPI_Bootloader_wrapper/export/SPI_Bootloader_wrapper/SPI_Bootloader_wrapper.xpfm",
      "sysConfig": "SPI_Bootloader_wrapper",
      "buildConfig": "Debug",
      "applications": [
        {
          "name": "xspi_winbond_flash_quad_example_1",
          "platform": "E:/Vivado/Artix7/Senthil_Project/Senthil_Project.sw/SPI_Bootloader_wrapper/export/SPI_Bootloader_wrapper/SPI_Bootloader_wrapper.xpfm",
          "platformPath": "E:\\Vivado\\Artix7\\Senthil_Project\\Senthil_Project.sw\\SPI_Bootloader_wrapper\\export\\SPI_Bootloader_wrapper",
          "sysConfig": "SPI_Bootloader_wrapper",
          "domain": "standalone_Boot_MC",
          "system": "xspi_winbond_flash_quad_example_1_system"
        }
      ],
      "platformPath": "E:\\Vivado\\Artix7\\Senthil_Project\\Senthil_Project.sw\\SPI_Bootloader_wrapper\\export\\SPI_Bootloader_wrapper"
    },
    {
      "name": "xuartns550_intr_example_1_system",
      "platform": "E:/Vivado/Artix7/Senthil_Project/Senthil_Project.sw/SPI_Bootloader_wrapper/export/SPI_Bootloader_wrapper/SPI_Bootloader_wrapper.xpfm",
      "sysConfig": "SPI_Bootloader_wrapper",
      "buildConfig": "Debug",
      "applications": [
        {
          "name": "xuartns550_intr_example_1",
          "platform": "E:/Vivado/Artix7/Senthil_Project/Senthil_Project.sw/SPI_Bootloader_wrapper/export/SPI_Bootloader_wrapper/SPI_Bootloader_wrapper.xpfm",
          "platformPath": "E:\\Vivado\\Artix7\\Senthil_Project\\Senthil_Project.sw\\SPI_Bootloader_wrapper\\export\\SPI_Bootloader_wrapper",
          "sysConfig": "SPI_Bootloader_wrapper",
          "domain": "standalone_Boot_MC",
          "system": "xuartns550_intr_example_1_system"
        }
      ],
      "platformPath": "E:\\Vivado\\Artix7\\Senthil_Project\\Senthil_Project.sw\\SPI_Bootloader_wrapper\\export\\SPI_Bootloader_wrapper"
    }
  ],
  "others": []
}