{
  "version": "2023.1",
  "applications": [],
  "platforms": [
    {
      "name": "Test"
    }
  ],
  "systems": [
    {
      "name": "Test_app_system",
      "platform": "C:/PersonalWorkspace/Dissertation/Artix7_Mini/DUT_Platform/sw/Test/export/Test/Test.xpfm",
      "sysConfig": "Test",
      "buildConfig": "Debug",
      "applications": [
        {
          "name": "Test_app",
          "platform": "C:/PersonalWorkspace/Dissertation/Artix7_Mini/DUT_Platform/sw/Test/export/Test/Test.xpfm",
          "platformPath": "C:\\PersonalWorkspace\\Dissertation\\Artix7_Mini\\DUT_Platform\\sw\\Test\\export\\Test",
          "sysConfig": "Test",
          "domain": "standalone_domain",
          "system": "Test_app_system"
        }
      ],
      "platformPath": "C:\\PersonalWorkspace\\Dissertation\\Artix7_Mini\\DUT_Platform\\sw\\Test\\export\\Test"
    }
  ],
  "others": []
}